"_","Name"
"[Account]","Amy's Bird Sanctuary"
"[Account]","Bill's Windsurf Shop"
"[Account]","Cool Cars"
"[Account]","Dukes Basketball Camp"
"[Account]","Freeman Sporting Goods"
"[Account]","Freeman Sporting Goods"
"[Account]","Freeman Sporting Goods"
"[Account]","Gevelber Photography"
"[Account]","Jeff's Jalopies"
"[Account]","Kookies by Kathy"
"[Account]","Paulsen Medical Supplies"
"[Account]","Pye's Cakes"
"[Account]","Rago Travel Agency"
"[Account]","Red Rock Diner"
"[Account]","Barnett Design"
"[Account]","Sonnenschein Family Store"
"[Account]","Sushi by Katsuyuki"
"[Account]","Video Games by Dan"
"[Account]","Wedding Planning by Whitney"
"[Account]","Weiskopf Consulting"